id,keyword
37826,level mod
37871,zuma clone
37812,super mario odyssey mod
37814,gta mod
37822,unofficial sequel
41913,pop station
47493,nokia 3310 jam 6
37840,nhl rom hack
37841,unofficial update
37852,reverse engineering
37908,challenge mod
37851,decompilation
39745,danganronpa fangame
38275,sonic fangame
32424,games released for unsupported platforms
38290,undertale mod
47494,nokia 3310 jam 7
40259,aftermarket release
38747,yu-gi-oh fangame
41016,phantasy star fangame
39834,final fantasy fangame
30303,unofficial crossover
33555,super mario bros rom hack
39004,beta restoration
2004,unofficial
41830,mega man fangame
45413,ensemble stars fangame
33313,touhou fangame
30008,friday night funkin mod
5731,clone
42778,based on - fan media
2933,fan remake
5779,mod origin
2018,bomberman clone
1397,frogger clone
1603,bootleg
5653,removed from steam
17195,modding support
4472,unlicensed game
16843,pac-man clone
47462,paper mario fangame
24124,fangame
47397,dr mario clone
25908,super metroid rom hack
1996,donkey kong clone
24799,sonic rom hack
8960,source mod
3317,flappy bird clone
25522,mario fangame
25548,zelda fangame
25594,character mod
2343,space invaders clone
16696,rom hack
27637,standalone mod
27117,unofficial port
27825,yume nikki fangame
27055,metroid fangame
41562,nokia 3310 jam
28868,official mod
45150,peppa pig fangame
30018,improvement mod
29638,mega man clone
29670,tetris clone
30333,hardware compatible mod
29469,enhancement mod
31036,undertale fangame
32059,wordle clone
32607,nintendo 64 decompilation project
33605,randomizer mod
33322,castlevania fangame
35522,mega man rom hack
35999,lisa fangame
45151,spongebob fangame
37292,2048 clone
36538,my little pony fangame
25479,pokemon clone
29423,unofficial remake
41226,shin megami tensei fangame
31360,fnaf fangame
38511,unofficial demake
41658,unofficial expansion
42376,fire emblem fangame
42442,ace attorney fangame
42766,disney fangame
25362,pokemon fangame
43484,pengo clone
43936,gravity falls fangame
45726,pokemon mod
47152,deltarune mod
29004,unreleased games with an aftermarket release
44312,simpsons fangame
44358,sqij fangame
47434,pc mod
47069,yuri's revenge mod
47065,cnc mod
47066,command and conquer mod
